1;1,1,1-TRIFLOUROETHANE;84.04;346.20;3.76;221.00;0.29;0.26;1.37;0.08;0.00;0.00;15.90;1814.91;-29.92;;;
2;1,1,2,2-TETRACHLORO-1,2-DIFLUOROETHANE;203.83;551.00;0.00;0.00;0.00;0.00;0.00;0.00;0.00;0.00;0.00;0.00;0.00;;;
3;1,1,2-TRICHLOROETHANE;133.41;602.00;4.15;294.00;0.24;0.22;1.51;0.08;0.00;0.00;16.04;3110.79;-56.16;;;
4;1,1,2-TRIMETHYLCLOPENTANE;112.22;579.50;2.94;0.00;0.00;0.25;0.00;0.00;0.00;0.00;15.71;3015.51;-54.59;;;
5;1,1,3-TRIMETHYLCLOPENTANE;112.22;569.50;2.83;0.00;0.00;0.21;0.00;0.00;0.00;0.00;15.68;2938.09;-53.25;;;
6;1,1-DICHLORO-1,2,2,2-TETRAFLUOROETHANE;170.92;418.60;3.30;294.00;0.28;0.00;9.66;0.08;0.00;0.00;0.00;0.00;0.00;;;
7;1,1-DICHLOROETHANE;98.96;523.00;5.07;240.00;0.28;0.25;2.98;0.06;0.00;0.00;16.08;2697.29;-45.03;;;
8;1,1-DIFLOUROETHANE;66.05;386.60;4.50;181.00;0.25;0.27;2.07;0.06;0.00;0.00;16.19;2095.35;-29.16;;;
9;1,1-DIFLUOROETHYLENE;64.04;302.80;4.46;154.00;0.27;0.00;0.73;0.06;0.00;0.00;0.00;0.00;0.00;;;
10;1,1-DIMETHYLCYCLOHEXANE;112.22;591.00;2.97;416.00;0.25;0.24;-17.12;0.21;0.00;0.00;16.96;4276.08;-52.80;;;
11;1,1-DIMETHYLCYCLOPENTANE;98.19;547.00;3.45;360.00;0.27;0.27;-13.83;0.18;0.00;0.00;15.70;2807.94;-51.20;;;
12;1,2,2-TRICHLORO-1,1,2TRIFLUOROETHANE;187.38;487.20;3.41;304.00;0.26;0.25;14.60;0.07;0.00;0.00;15.84;2523.61;-45.67;;;
13;1,2,3,4-TETRAHYDRONAPHTHALENE;132.21;719.00;3.52;0.00;0.00;0.30;0.00;0.00;0.00;0.00;16.28;4009.49;-64.89;;;
14;1,2,3-TRICHLOROPROPANE;147.43;651.00;3.95;348.00;0.25;0.31;6.42;0.09;0.00;0.00;16.12;3417.27;-69.15;;;
15;1,2,3-TRIMETHYLBENZENE;120.20;664.50;3.46;430.00;0.27;0.39;-1.66;0.15;0.00;0.00;16.21;3670.22;-66.07;;;
16;1,2,4,5-TETRAMETHYLBEENZENE;134.22;675.00;2.94;480.00;0.25;0.43;3.95;0.16;0.00;0.00;16.30;3850.91;-71.72;;;
17;1,2,4-TRIMETHYLBENZENE;120.20;649.10;3.23;430.00;0.26;0.39;-1.12;0.15;0.00;0.00;16.22;3622.58;-64.59;;;
18;1,2-BUTADIENE;54.09;443.70;4.50;219.00;0.27;0.26;2.68;0.07;0.00;0.00;16.10;2397.26;-30.88;;;
19;1,2-DICHLORO-1,1,2,2-TETRAFLUOROETHANE;170.92;418.90;3.26;293.00;0.28;0.26;9.26;0.08;0.00;0.00;0.00;0.00;0.00;;;
20;1,2-DICHLOROETHANE;98.96;561.00;5.37;220.00;0.25;0.29;4.89;0.06;0.00;0.00;16.18;2927.17;-50.22;;;
21;1,2-DICHLOROPROPANE;112.99;577.00;4.46;226.00;0.21;0.24;2.50;0.09;0.00;0.00;16.04;2985.07;-52.16;;;
22;1,2-DIMETHOXYETHANE;90.12;536.00;3.87;271.00;0.24;0.37;7.70;0.09;0.00;0.00;16.02;2869.79;-53.15;;;
23;1,2-PENTADIENE;68.12;503.00;4.07;276.00;0.27;0.17;2.11;0.09;0.00;0.00;15.93;2544.34;-44.30;;;
24;1,2-PROPANEDIOL;76.10;625.00;6.08;237.00;0.28;0.00;0.15;0.10;0.00;0.00;20.53;6091.95;-22.46;;;
25;1,3,5-TRIMETHYLBENZENE;120.20;637.30;3.13;433.00;0.26;0.40;-4.68;0.16;0.00;0.00;16.29;3614.19;-63.57;;;
26;1,3-BUTADIENE;54.09;425.00;4.33;221.00;0.27;0.20;-0.40;0.08;0.00;0.00;15.77;2142.66;-34.30;;;
27;1,3-PROPANEDIOL;76.10;658.00;5.98;241.00;0.26;0.00;1.98;0.09;0.00;0.00;17.29;3888.84;-123.20;;;
28;1,4 DIOXANE;88.11;587.00;5.21;238.00;0.25;0.29;-12.80;0.14;0.00;0.00;16.13;2966.88;-62.15;;;
29;1,4-DIETHYLBENZENE;134.22;657.90;2.81;480.00;0.25;0.40;-8.94;0.21;0.00;0.00;16.11;3657.22;-71.18;;;
30;1,4-PENTADIENE;68.12;478.00;3.79;276.00;0.26;0.10;1.67;0.09;0.00;0.00;15.74;2344.02;-41.69;;;
31;1,5 HEXADIENE;82.15;507.00;3.45;328.00;0.26;0.16;0.00;0.00;0.00;0.00;16.14;2728.54;45.45;;;
32;1-BUTENE;56.11;419.60;4.02;240.00;0.28;0.19;-0.72;0.08;0.00;0.00;15.76;2132.42;-33.15;;;
33;1-BUTYNE;54.09;463.70;4.71;220.00;0.27;0.05;3.00;0.07;0.00;0.00;16.06;2271.42;-40.30;;;
34;1-CHLORO-1,1-DIFLUOROETHANE;100.50;410.20;4.12;231.00;0.28;0.00;4.02;0.07;0.00;0.00;0.00;0.00;0.00;;;
35;1-CHLOROBUTANE;92.57;542.00;3.69;312.00;0.26;0.22;-0.62;0.11;0.00;0.00;15.98;2826.26;-49.05;;;
36;1-DECANOL;158.29;700.00;2.23;600.00;0.23;0.00;3.48;0.21;0.00;0.00;15.94;3389.43;-139.00;;;
37;1-DECENE;140.27;615.00;2.21;650.00;0.28;0.49;-1.11;0.22;0.00;0.00;16.01;3448.18;-76.09;;;
38;1-DODECENE;168.32;657.00;1.85;0.00;0.00;0.56;-1.56;0.26;0.00;0.00;16.06;3729.87;-90.88;;;
39;1-EICOSANOL;298.56;770.00;1.22;0.00;0.00;0.00;-3.01;0.47;0.00;0.00;15.82;3912.10;-203.10;;;
40;1-HEPTANOL;116.20;633.00;3.04;435.00;0.25;0.56;1.17;0.16;0.00;0.00;15.31;2626.42;-146.60;;;
41;1-HEPTENE;98.19;537.20;2.84;440.00;0.28;0.36;-0.79;0.15;0.00;0.00;15.89;2895.51;-53.97;;;
42;1-HEXADECENE;224.43;717.00;1.34;0.00;0.00;0.72;-2.32;3.52;-1.00;-1.98;357.85;-59.23;40.99;;;
43;1-HEXANOL;102.18;610.00;4.05;381.00;0.30;0.56;1.15;0.14;0.00;0.00;18.10;4055.45;-76.49;;;
44;1-HEXENE;84.16;504.00;3.17;350.00;0.26;0.29;0.42;0.13;0.00;0.00;15.81;2654.81;-47.30;;;
45;1-METHYL-1-ETHYLCYCLOPENTANE;112.22;592.00;2.99;0.00;0.00;0.25;0.00;0.00;0.00;0.00;15.82;3120.66;-55.06;;;
46;1-METHYL-2-ETHYLBENZENE;120.20;651.00;3.04;460.00;0.26;0.29;-3.93;0.17;0.00;0.00;16.13;3535.33;-65.85;;;
47;1-METHYL-2-ISOPROPYLBENZENE;134.22;670.00;2.90;0.00;0.00;0.28;0.00;0.00;0.00;0.00;15.98;3564.52;-70.00;;;
48;1-METHYL-2-ISOPROPYLBENZENE;134.22;666.00;2.94;0.00;0.00;0.28;-11.65;0.22;0.00;0.00;15.98;3543.79;-69.22;;;
49;1-METHYL-3-ETHYLBENZENE;120.20;637.00;2.84;490.00;0.26;0.36;-6.93;0.17;0.00;2.39;30.22;16.15;3521.08;;;
50;1-METHYL-4-ETHYLBENZENE;120.20;640.00;2.94;470.00;0.26;0.32;-6.52;0.17;0.00;0.00;16.11;3516.31;-64.23;;;
51;1-METHYL-4-ISOPROPYLBENZENE;134.22;653.00;2.83;0.00;0.00;0.37;0.00;0.00;0.00;0.00;15.94;3539.21;-70.10;;;
52;1-METHYLNAPHTHALENE;142.20;772.00;3.57;445.00;0.25;0.33;-15.48;0.22;0.00;0.00;16.20;4206.70;-78.15;;;
53;1-NONENE;126.24;592.00;2.34;580.00;0.28;0.43;0.89;0.19;0.00;0.00;16.01;3305.03;-67.61;;;
54;1-OCTADECANOL;270.50;747.00;1.42;0.00;0.00;0.00;-2.08;0.42;0.00;0.00;15.69;3757.82;-193.10;;;
55;1-OCTADECENE;252.49;739.00;1.13;0.00;0.00;0.81;-2.71;0.40;0.00;0.00;16.22;4416.13;-127.30;;;
56;1-OCTANOL;130.23;58.00;3.45;490.00;0.31;0.53;1.47;0.18;0.00;0.00;15.74;3017.81;-137.10;;;
57;1-OCTENE;112.22;566.60;2.62;464.00;0.26;0.39;-0.98;0.17;0.00;0.00;15.96;3116.52;-60.39;;;
58;1-PENTADECENE;210.41;704.00;1.46;0.00;0.00;0.68;-2.20;3.30;-1.00;-1.86;347.46;-54.31;38.97;;;
59;1-PENTANOL;88.15;586.00;3.85;326.00;0.26;0.58;0.92;0.12;0.00;0.00;16.53;3026.89;-105.00;;;
60;1-PENTENE;70.14;464.70;4.05;300.00;0.31;0.25;-0.03;0.10;0.00;0.00;15.76;2405.96;-39.63;;;
61;1-PENTYNE;68.12;493.40;4.05;278.00;0.28;0.16;4.32;0.08;0.00;0.00;16.04;2515.62;-45.97;;;
62;1-PROPANOL;60.10;536.70;5.17;218.50;0.25;0.62;0.59;0.08;0.00;0.00;17.54;3166.38;-80.15;;;
63;1-TERADECENE;196.38;689.00;1.56;0.00;0.00;0.64;-1.90;3.07;-1.00;-1.72;336.13;-49.36;36.99;;;
64;1-TRANS-3-PENTADIENE;68.12;496.00;3.99;275.00;0.27;0.18;7.33;0.07;0.00;0.00;15.92;2541.69;-41.43;;;
65;1-TRIDECENE;182.35;674.00;1.70;0.00;0.00;0.60;-1.70;2.85;-1.00;-1.59;323.71;-44.45;34.96;;;
66;1-UNDECENE;154.30;637.00;2.00;0.00;0.00;0.52;-1.33;0.24;0.00;0.00;16.04;3597.72;-83.41;;;
67;2,2 DIMETHYL BUTANE;86.18;488.70;3.08;359.00;0.27;0.23;-3.97;0.15;0.00;0.00;15.55;2489.50;-43.81;;;
68;2,2,3 TRIMETHYLPETANE;114.23;563.40;2.73;436.00;0.25;0.30;2.20;0.19;0.00;0.00;15.72;2981.56;-54.73;;;
69;2,2,3,3-TETRAMETHYLHEPTANE;142.29;623.10;2.51;0.00;0.00;0.36;-14.05;0.29;0.00;0.00;15.76;3371.05;-64.09;;;
70;2,2,3,3-TETRAMETHYLPENTANE;128.26;607.60;2.74;0.00;0.00;0.28;-13.04;0.26;0.00;0.00;15.73;3220.55;-59.31;;;
71;2,2,3,4-TETRAMETHYLPENTANE;128.26;592.70;2.60;0.00;0.00;0.31;-13.04;0.26;0.00;0.00;15.74;3167.42;-58.21;;;
72;2,2,3-TRIMETHYLBUTANE;100.21;531.10;2.96;398.00;0.27;0.25;-5.48;0.18;0.00;0.00;15.64;2764.40;-47.10;;;
73;2,2,3-TRIMETHYLHEXANE;128.26;588.00;2.49;0.00;0.00;0.33;-10.90;0.25;0.00;0.00;15.80;3164.17;-61.66;;;
74;2,2,4 TRIMETHYLPENTANE;114.23;543.90;2.56;468.00;0.27;0.30;-1.78;0.19;0.00;0.00;15.69;2896.28;-52.41;;;
75;2,2,4,4-TETRAMETHYLPENTANE;128.26;574.70;2.48;0.00;0.00;0.32;-16.10;0.28;0.00;0.00;15.65;3049.98;-57.13;;;
76;2,2,4-TRIMETHYLHEXANE;128.26;573.70;2.37;0.00;0.00;0.32;-14.41;0.26;0.00;0.00;15.76;3084.08;-61.94;;;
77;2,2,5,5-TETRAMETHYLHEPTANE;142.29;581.50;2.19;0.00;0.00;0.37;-14.89;0.30;0.00;0.00;15.84;3172.92;-66.15;;;
78;2,2,5-TRIMETHYLHEXANE;128.26;568.00;2.33;519.00;0.26;0.36;-12.92;0.26;0.00;0.00;15.74;3052.17;-62.24;;;
79;2,2-DIMETHYL PROPANE;72.15;433.80;3.20;303.00;0.27;0.20;-3.96;0.13;0.00;0.00;15.21;2034.15;-45.37;;;
80;2,2-DIMETHYL-1-PROPANOL;88.15;549.00;3.95;319.00;0.28;0.00;2.90;0.13;0.00;0.00;18.13;3694.96;-65.00;;;
81;2,2-DIMETHYLHEXANE;114.23;549.80;2.53;478.00;0.26;0.34;-2.20;0.19;0.00;0.00;15.74;2932.56;-58.08;;;
82;2,2-DIMETHYLPENTANE;100.21;520.40;2.78;416.00;0.27;0.29;-11.97;0.21;0.00;0.00;15.69;2740.15;-49.85;;;
83;2,3 DIMETHYL BUTANE;86.18;499.90;3.13;358.00;0.27;0.25;-3.49;0.15;0.00;0.00;15.68;2595.44;-44.25;;;
84;2,3,3 TRIMETHYLPENTANE;114.23;573.50;2.82;455.00;0.27;0.29;-2.20;0.19;0.00;0.00;15.76;3057.94;-52.77;;;
85;2,3,3,4-TETRAMETHYLPENTANE;128.26;607.60;2.72;0.00;0.00;0.30;-13.12;0.26;0.00;0.00;15.80;3269.07;-58.19;;;
86;2,3,3-TRIMETHYL-1-BUTENE;98.19;533.00;2.90;400.00;0.26;0.19;0.00;0.00;0.00;0.00;15.65;2719.47;-49.56;;;
87;2,3,4 TRIMETHYLPENTANE;114.23;56.30;2.73;461.00;0.27;0.32;-2.20;0.19;0.00;0.00;15.78;3028.09;55.62;;;
88;2,3-DIMETHYL-1-BUTENE;84.16;501.00;3.24;343.00;0.27;0.22;1.68;0.13;0.00;0.00;15.80;2612.69;-43.78;;;
89;2,3-DIMETHYL-2-BUTENE;84.16;524.00;3.36;351.00;0.27;0.24;0.55;0.12;0.00;0.00;16.00;2798.63;-47.71;;;
90;2,3-DIMETHYLHEXANE;114.23;563.40;2.62;468.00;0.26;0.35;-2.20;0.19;0.00;0.00;15.82;3029.06;-58.99;;;
91;2,3-DIMETHYLPENTANE;100.21;537.30;2.91;393.00;0.26;0.30;-1.68;0.16;0.00;0.00;15.78;2850.64;-51.33;;;
92;2,3-DIMETHYLPYRIDINE;107.16;655.40;0.00;0.00;0.00;0.00;0.00;0.00;0.00;0.00;17.15;4219.74;-33.04;;;
93;2,3-XYLENOL;122.17;722.80;0.00;0.00;0.00;0.00;0.00;0.00;0.00;0.00;16.24;3724.58;-102.40;;;
94;2,4-DIMETHYLHEXANE;114.23;553.50;2.55;472.00;0.26;0.34;-2.20;0.19;0.00;0.00;15.78;2965.44;-58.36;;;
95;2,4-DIMETHYLPENTANE;100.21;519.70;2.74;418.00;0.27;0.31;-1.68;0.16;0.00;0.00;15.72;2744.78;-51.52;;;
96;2,4-XYLENOL;122.17;707.60;0.00;0.00;0.00;0.00;0.00;0.00;0.00;0.00;16.25;3655.26;-103.80;;;
97;2,5-DIMETHYLHEXANE;114.23;550.00;2.48;42.00;0.26;0.35;-2.20;0.19;0.00;0.00;15.80;2964.06;-58.74;;;
98;2,5-DIMETHYLPYRIDINE;107.16;644.20;0.00;0.00;0.00;0.00;0.00;0.00;0.00;0.00;16.30;3545.14;-63.59;;;
99;2,5-XYLENOL;122.17;723.00;0.00;0.00;0.00;0.00;0.00;0.00;0.00;0.00;16.24;3667.32;-102.40;;;
100;2,6-XYLENOL;122.17;701.00;0.00;0.00;0.00;0.00;0.00;0.00;0.00;0.00;16.28;3749.35;-85.55;;;
101;2-BUTANOL;74.12;536.00;4.19;268.00;0.25;0.58;1.37;0.10;0.00;0.00;17.21;3026.03;-86.65;;;
102;2-BUTYNE;54.09;488.60;5.09;221.00;0.28;0.12;3.80;0.06;0.00;0.00;16.29;2536.78;-37.34;;;
103;2-CHLOROBUTANE;92.57;520.60;3.95;305.00;0.28;0.30;-0.82;0.11;0.00;0.00;15.99;2753.43;-47.15;;;
104;2-ETHYLHEXANOL;130.23;613.00;2.76;494.00;0.27;0.00;-3.58;0.21;0.00;0.00;15.36;2773.46;-140.00;;;
105;2-METHYL BUTANE;72.15;460.40;3.38;306.00;0.27;0.23;-2.28;0.12;0.00;0.00;15.63;2348.67;-40.05;;;
106;2-METHYL PENTANE;86.18;497.50;3.01;367.00;0.27;0.28;-2.52;0.15;0.00;0.00;15.75;2614.38;-46.58;;;
107;2-METHYL-1,3-BUTADIENE;68.12;484.00;3.85;276.00;0.26;0.16;-0.82;0.11;0.00;0.00;15.85;2467.40;-39.64;;;
108;2-METHYL-1-BUTANOL;88.15;571.00;3.85;322.00;0.26;0.70;-2.27;0.14;0.00;0.00;16.27;2752.19;-116.30;;;
109;2-METHYL-1-BUTENE;70.14;465.00;3.45;294.00;0.26;0.23;2.53;0.10;0.00;0.00;15.83;2426.42;-40.36;;;
110;2-METHYL-2-BUTENE;70.14;470.00;3.45;318.00;0.28;0.29;2.82;0.08;0.00;0.00;15.92;2521.53;-40.31;;;
111;2-METHYL-2-PENTENE;84.16;518.00;3.28;351.00;0.27;0.23;-3.52;0.14;0.00;0.00;15.94;2725.89;-47.64;;;
112;2-METHYL-3-ETHYLPENTANE;114.23;567.00;2.71;443.00;0.25;0.33;-2.20;0.19;0.00;0.00;15.80;3035.08;-57.84;;;
113;2-METHYLHEPTANE;114.23;559.60;2.48;488.00;0.26;0.38;-21.44;0.30;0.00;0.00;15.93;3079.63;-59.46;;;
114;2-METHYLHEXANE;100.21;530.30;2.74;421.00;0.26;0.33;-9.41;0.21;0.00;0.00;15.83;2845.06;-53.60;;;
115;2-METHYLNAPHTHALENE;142.20;761.00;3.51;462.00;0.26;0.38;-13.50;0.21;0.00;0.00;16.28;4237.37;-74.75;;;
116;2-OCTANOL;130.23;637.00;2.74;494.00;0.26;0.52;6.18;0.18;0.00;0.00;14.71;2441.66;-150.70;;;
117;3,3,5-TRIMETHYLHEPTANE;142.29;609.60;2.32;0.00;0.00;0.39;-16.81;0.29;0.00;0.00;15.78;3305.20;-67.66;;;
118;3,3-DIETHYLPENTANE;128.26;610.00;2.67;0.00;0.00;0.34;-16.07;0.27;0.00;0.00;15.87;3341.62;-57.57;;;
119;3,3-DIMETHYL-1-BUTENE;84.16;490.00;3.25;340.00;0.27;0.12;-3.00;0.13;0.00;0.00;15.38;2326.80;-48.24;;;
120;3,3-DIMETHYLHEXANE;114.23;562.00;2.65;443.00;0.25;0.32;-2.20;0.19;0.00;0.00;15.78;3011.51;-55.71;;;
121;3,3-DIMETHYLPENTANE;100.21;536.30;2.95;414.00;0.27;0.27;-1.68;0.16;0.00;0.00;15.72;2829.10;-47.83;;;
122;3,4 DIMETHYLHEXANE;114.23;568.80;2.70;466.00;0.27;0.34;-2.20;0.19;0.00;0.00;15.84;3062.52;-58.29;;;
123;3,4-DIMETHYLPYRIDINE;107.16;683.80;0.00;0.00;0.00;0.00;0.00;0.00;0.00;0.00;16.95;4237.04;-41.65;;;
124;3,4-XYLENOL;122.17;729.80;0.00;0.00;0.00;0.00;0.00;0.00;0.00;0.00;16.30;3733.53;-113.90;;;
125;3,5-DIMETHYLPYRIDINE;107.16;667.20;0.00;0.00;0.00;0.00;0.00;0.00;0.00;0.00;16.89;4106.95;-44.45;;;
126;3,5-XYLENOL;122.17;715.60;0.00;0.00;0.00;0.00;0.00;0.00;0.00;0.00;16.42;3775.91;-109.00;;;
127;3-ETHYLHEXANE;114.23;565.40;2.60;455.00;0.25;0.36;-2.20;0.19;0.00;0.00;15.87;3057.57;-60.55;;;
128;3-ETHYLPENTANE;100.21;540.60;2.89;416.00;0.27;0.31;-1.68;0.16;0.00;0.00;15.83;2882.44;-53.26;;;
129;3-METHYL PENTANE;86.18;504.40;3.12;367.00;0.27;0.28;-0.57;0.14;0.00;0.00;15.77;2653.43;-46.02;;;
130;3-METHYL-1,2-BUTADIENE;68.12;496.00;4.11;267.00;0.27;0.16;3.51;0.09;0.00;0.00;15.99;2541.83;-42.26;;;
131;3-METHYL-1-BUTANOL;88.15;579.50;3.85;329.00;0.26;0.58;-2.28;0.14;0.00;0.00;16.71;3026.43;-104.10;;;
132;3-METHYL-1-BUTENE;70.14;450.00;3.52;300.00;0.28;0.21;5.19;0.09;0.00;0.00;15.72;2333.61;-36.33;;;
133;3-METHYL-2-BUTANOL;88.15;545.00;3.95;319.00;0.28;0.50;-2.89;0.15;0.00;0.00;15.01;1988.08;-137.80;;;
134;3-METHYL-3-ETHYLPENTANE;114.23;576.60;2.81;455.00;0.27;0.30;-2.20;0.19;0.00;0.00;15.81;3102.06;53.47;;;
135;3-METHYL-CIS-2-PENTENE;84.16;518.00;3.28;351.00;0.27;0.27;-3.52;0.14;0.00;0.00;15.91;2731.79;-46.47;;;
136;3-METHYLHEPTANE;114.23;563.60;2.54;464.00;0.25;0.37;-2.20;0.19;0.00;0.00;15.89;3065.96;-60.74;;;
137;3-METHYLHEXANE;100.21;535.20;2.82;404.00;0.26;0.32;-1.68;0.16;0.00;0.00;15.81;2855.66;-53.93;;;
138;3-METHYL-TRANS-2-PENTENE;84.16;521.00;3.29;350.00;0.27;0.21;-3.52;0.14;0.00;0.00;15.95;2750.50;-48.33;;;
139;4- METHYL PYRIDINE;93.13;646.00;4.46;311.00;0.26;0.27;-4.16;0.12;0.00;0.00;16.21;3409.40;-62.65;;;
140;4-METHYL-CIS-2-PENTENE;84.16;490.00;3.04;360.00;0.27;0.29;-0.40;0.13;0.00;0.00;15.75;2580.52;-46.56;;;
141;4-METHYLHEPTANE;114.23;561.70;2.54;476.00;0.26;0.37;-2.20;0.19;0.00;0.00;15.89;3057.05;-60.59;;;
142;4-METHYL-TRANS-2-PENTENE;84.16;493.00;3.04;360.00;0.27;0.29;3.02;0.12;0.00;0.00;15.84;2631.57;-46.00;;;
143;ACETALDEHYDE;44.05;461.00;5.57;154.00;0.22;0.30;1.84;0.04;0.00;0.00;16.25;2465.15;-37.15;;;
144;ACETIC ACID;60.05;594.40;5.79;171.00;0.20;0.45;1.16;0.06;0.00;0.00;16.81;3405.57;-56.34;;;
145;ACETIC ANHYDRIDE;102.09;569.00;4.68;290.00;0.29;0.00;-5.52;0.12;0.00;0.00;16.40;3287.56;-75.11;;;
146;ACETONE;58.08;508.10;4.70;209.00;0.23;0.31;1.51;0.06;0.00;0.00;16.65;2940.46;-35.93;;;
147;ACETONITRILE;41.05;548.00;4.83;173.00;0.18;0.32;4.89;0.03;0.00;0.00;16.29;2945.47;-49.15;;;
148;ACETYL CHLORIDE;78.50;508.00;5.88;204.00;0.28;0.34;5.98;0.04;0.00;0.00;15.75;2447.33;-55.33;;;
149;ACETYLENE;26.04;308.30;6.14;113.00;0.27;0.18;6.41;0.02;0.00;0.00;16.35;1637.18;-19.77;;;
150;ACROLEIN;56.06;506.00;5.17;0.00;0.00;0.33;2.86;0.05;0.00;0.00;15.91;2606.53;-45.15;;;
151;ACRYLIC ACID;72.06;615.00;5.67;210.00;0.23;0.56;0.42;0.08;0.00;0.00;16.56;3319.18;-80.15;;;
152;ACRYLONITRILE;53.06;536.00;4.56;210.00;0.21;0.35;2.55;0.05;0.00;0.00;15.93;2782.21;-51.15;;;
153;ALLYL ALCOHOL;58.08;545.00;5.71;203.00;0.26;0.63;-0.26;0.08;0.00;0.00;16.91;2928.20;-85.15;;;
154;ALLYL CHLORIDE;76.53;514.00;4.76;234.00;0.26;0.13;0.60;0.07;0.00;0.00;15.98;2531.92;-47.15;;;
155;ALLYL CYANIDE;67.09;585.00;3.95;265.00;0.22;0.39;5.18;0.06;0.00;0.00;16.00;3128.75;-58.15;;;
156;ALPHA-METHYL STYRENE;118.18;654.00;3.40;397.00;0.25;0.00;-5.81;0.17;0.00;0.00;16.33;3644.30;-67.15;;;
157;AMMONIA;17.03;405.60;11.28;72.50;0.24;0.25;6.52;0.01;0.00;0.00;16.95;2132.50;-32.98;;;
158;ANILINE;93.13;699.00;5.31;270.00;0.25;0.38;9.68;0.15;0.00;0.00;16.67;3857.52;-73.15;;;
159;ANTHRACENE;178.23;883.00;0.00;0.00;0.00;0.00;-14.09;2.40;-1.00;-1.58;405.81;53.70;0.00;;;
160;ARGON;39.95;150.80;4.87;74.90;0.29;0.00;4.97;0.00;0.00;0.00;15.23;700.51;-5.84;;;
161;BENZALDEHYDE;106.12;695.00;4.66;0.00;0.00;0.32;-2.90;0.12;0.00;0.00;16.35;3748.62;-66.12;;;
162;BENZENE;78.11;562.10;4.89;259.00;0.27;0.21;8.10;0.11;0.00;0.00;15.90;2788.51;-52.36;;;
163;BENZOIC ACID;122.12;752.00;4.56;341.00;0.25;0.62;-12.25;0.15;0.00;0.00;17.16;4190.70;-125.20;;;
164;BENZONITRILE;103.12;699.40;4.22;0.00;0.00;0.36;-6.22;0.14;0.00;0.00;0.00;0.00;0.00;;;
165;BENZYL ALCOHOL;108.14;677.00;4.66;334.00;0.28;0.71;-1.77;0.13;0.00;0.00;17.46;4384.81;-73.15;;;
166;BORON TRICHLORIDE;117.17;452.00;3.87;0.00;0.00;0.15;0.00;0.00;0.00;0.00;0.00;0.00;0.00;;;
167;BORON TRIFLUORIDE;67.81;260.80;4.99;0.00;0.00;0.42;0.00;0.00;0.00;0.00;0.00;0.00;0.00;;;
168;BROMINE;159.81;584.00;10.34;127.00;0.27;0.13;8.09;0.00;0.00;0.00;15.84;2582.32;-51.56;;;
169;BROMOBENZENE;157.01;670.00;4.52;324.00;0.26;0.25;-6.88;0.13;0.00;0.00;15.80;3313.00;-67.71;;;
170;BUTYL BENZOATE;178.23;723.00;2.63;561.00;0.25;0.58;-4.15;0.21;0.00;0.00;16.34;4158.47;-94.15;;;
171;BUTYL ETHER;130.23;580.00;2.53;500.00;0.26;0.50;1.45;0.18;0.00;0.00;16.08;3296.15;-66.15;;;
172;BUTYRONITRILE;69.11;582.20;3.79;285.00;0.22;0.37;3.63;0.08;0.00;0.00;16.21;3202.21;-56.16;;;
173;C,C,T-1,2,4-TRIMETHYLCYCLOPENTANE;112.22;579.00;28.78;0.00;0.00;0.28;0.00;0.00;0.00;0.00;15.75;3073.95;54.20;;;
174;C,T,C-1,2,4-TRIMETHYLCYCLOPENTANE;112.22;571.00;2.81;0.00;0.00;0.25;0.00;0.00;0.00;0.00;15.78;3009.70;53.23;;;
175;CAPRYLONITRILE;153.27;622.00;3.25;0.00;0.00;0.00;0.00;0.00;0.00;0.00;0.00;0.00;0.00;;;
176;CARBON DIOXIDE;44.01;304.20;7.38;94.00;0.27;0.23;4.73;0.02;0.00;0.00;22.59;3103.39;-0.16;;;
177;CARBON DISULFIDE;76.13;552.00;7.90;170.00;0.29;0.12;6.56;0.02;0.00;0.00;15.98;2690.83;-31.62;;;
178;CARBON MONOXIDE;28.02;32.90;3.50;93.10;0.30;0.05;7.37;0.00;0.00;0.00;14.37;530.22;-13.15;;;
179;CARBON TETRACHLORIDE;153.82;556.40;4.56;276.00;0.27;0.19;9.73;0.05;0.00;0.00;15.87;2808.19;-45.99;;;
180;CARBON TETRAFLUORIDE;88.01;227.60;3.74;140.00;0.28;0.19;3.34;0.05;0.00;0.00;16.05;1244.55;-13.06;;;
181;CARBONYL SULFIDE;60.07;375.00;5.88;140.00;0.26;0.10;5.63;0.02;0.00;0.00;0.00;0.00;0.00;;;
182;CHLORINE;70.91;417.00;7.70;124.00;0.28;0.07;6.43;0.01;0.00;0.00;15.96;1978.32;-27.01;;;
183;CHLOROBENZENE ;112.56;632.40;4.52;308.00;0.27;0.25;-8.09;0.13;0.00;0.00;16.07;3295.12;-55.60;;;
184;CHLORODIFLUOROMETHANE;86.47;369.20;4.98;165.00;0.27;0.22;4.13;0.04;0.00;0.00;15.56;1704.80;-41.30;;;
185;CHLOROFORM;119.38;536.40;5.47;239.00;0.29;0.22;5.73;0.05;0.00;0.00;15.97;2696.79;-46.16;;;
186;CHLOROPENTAFLUOROETHANE;154.47;353.20;3.16;252.00;0.27;0.25;6.65;0.08;0.00;0.00;15.73;1848.90;-30.88;;;
187;CHLOROTRIFLUOROMETHANE;104.46;302.00;3.92;180.00;0.28;0.18;5.45;0.05;0.00;0.00;0.00;0.00;0.00;;;
188;CIS-1,2-DIMETHYLCYCLOHEXANE;112.22;606.00;2.97;0.00;0.00;0.24;-17.22;0.21;0.00;0.00;15.65;3043.34;-55.30;;;
189;CIS-1,2-DIMETHYLCYCLOPENTANE;98.19;564.80;3.45;368.00;0.27;0.27;-13.29;0.18;0.00;0.00;15.77;2922.30;-52.94;;;
190;CIS-1,3-DIMETHYLCYCLOHEXANE;112.22;591.00;2.97;0.00;0.00;0.22;-15.56;0.21;0.00;0.00;15.75;3081.95;-55.08;;;
191;CIS-1,4-DIMETHYLCYCLOHEXANE;112.22;598.00;2.97;0.00;0.00;0.23;-15.32;0.21;0.00;0.00;15.73;3098.39;-57.00;;;
192;CIS-2-BUTENE;56.11;435.60;4.20;234.00;0.27;0.20;0.11;0.07;0.00;0.00;15.82;2210.71;-36.15;;;
193;CIS-2-HEXENE;84.16;518.00;3.28;351.00;0.27;0.26;2.34;0.13;0.00;0.00;16.21;2897.97;-39.30;;;
194;CIS-2-PENTENE;70.14;476.00;3.65;300.00;0.28;0.24;-3.41;0.11;0.00;0.00;15.83;2459.05;-42.56;;;
195;CIS-3-HEXENE;84.16;517.00;3.28;350.00;0.27;0.23;5.19;0.14;0.00;0.00;15.84;2680.52;-48.40;;;
196;CIS-DECALIN;138.25;702.20;3.14;0.00;0.00;0.23;-26.86;0.27;0.00;0.00;15.83;3671.61;-69.74;;;
197;CYANOGEN;52.04;400.00;5.98;0.00;0.00;0.24;8.58;0.02;0.00;0.00;0.00;0.00;0.00;;;
198;CYCLOBUTANE;56.11;459.90;4.99;210.00;0.27;0.21;-12.00;0.12;0.00;0.00;15.93;2359.09;-31.78;;;
199;CYCLOHEPTANE;98.19;589.00;3.72;390.00;0.30;0.34;-18.20;0.19;0.00;0.00;15.78;3066.05;-56.80;;;
200;CYCLOHEXANE;84.16;553.40;4.07;308.00;0.27;0.21;-13.03;0.15;0.00;0.00;15.75;2766.63;-50.50;;;
201;CYCLOHEXANOL;100.16;625.00;3.75;327.00;0.24;0.55;-13.26;0.17;0.00;0.00;0.00;0.00;0.00;;;
202;CYCLOHEXANONE;95.15;629.00;3.85;312.00;0.23;0.44;-9.03;0.13;0.00;0.00;0.00;0.00;0.00;;;
203;CYCLOHEXENE;82.15;560.40;4.35;292.00;0.27;0.21;-16.40;0.17;0.00;0.00;15.82;2813.53;-49.98;;;
204;CYCLOPENTANE;70.14;511.60;4.51;260.00;0.28;0.19;-12.81;0.13;0.00;0.00;15.86;2588.48;-41.79;;;
205;CYCLOPENTANONE;84.12;626.00;5.37;268.00;0.28;0.35;-9.71;0.12;0.00;0.00;16.09;3193.92;-66.15;;;
206;CYCLOPENTENE;68.12;506.00;0.00;0.00;0.00;0.00;-9.92;0.11;0.00;0.00;15.94;2583.07;-39.87;;;
207;CYCLOPROPANE;42.08;397.80;5.49;170.00;0.28;0.26;-8.42;0.09;0.00;0.00;15.86;1971.04;-26.65;;;
208;DEUTERIUM;4.03;38.40;1.66;60.30;0.31;-0.13;7.23;0.00;0.00;0.00;13.30;157.89;0.00;;;
209;DEUTERIUM OXIDE;20.03;644.00;21.66;55.60;0.23;0.00;0.00;0.00;0.00;0.00;0.00;0.00;0.00;;;
210;DIBROMOMETHANE;173.84;583.00;7.19;0.00;0.00;0.00;0.00;0.00;0.00;0.00;0.00;0.00;0.00;;;
211;DIBUTYLAMINE;129.25;596.00;2.53;517.00;0.26;0.59;2.33;0.19;0.00;0.00;16.73;3721.90;-64.15;;;
212;DIBUTYL-O-PHTHALATE;278.35;0.00;0.00;0.00;0.00;0.00;0.45;3.00;-1.00;-1.46;336.24;0.00;0.00;;;
213;DICHLORODIFLUOROMETHANE;120.91;385.00;4.12;217.00;0.28;0.18;7.55;0.04;0.00;0.00;0.00;0.00;0.00;;;
214;DICHLOROMETHANE;84.93;510.00;6.08;193.00;0.28;0.19;3.09;0.04;0.00;0.00;16.30;2622.44;-41.70;;;
215;DICHLOROMONOFLUOROMETHANE;102.92;451.60;5.17;197.00;0.27;0.20;5.65;0.04;0.00;0.00;0.00;0.00;0.00;;;
216;DIETHYL AMINE;45.09;437.60;5.31;187.00;0.27;0.29;-0.04;0.06;0.00;0.00;16.27;2358.77;-35.15;;;
217;DIETHYL AMINE;73.14;496.60;3.71;301.00;0.27;0.30;0.49;0.11;0.00;0.00;16.05;2595.01;-53.15;;;
218;DIETHYL DISULFIDE;122.24;642.00;0.00;0.00;0.00;0.00;6.42;0.11;0.00;0.00;16.06;3421.57;-64.19;;;
219;DIETHYL KETONE;86.13;561.00;3.74;336.00;0.27;0.35;7.17;0.09;0.00;0.00;16.81;3410.51;-40.15;;;
220;DIETHYL SULFIDE;90.18;557.00;3.96;318.00;0.27;0.30;3.25;0.09;0.00;0.00;15.95;2896.27;-54.49;;;
221;DIETHYLENE GLYCOL;106.12;681.00;0.61;316.00;0.26;0.00;17.45;0.08;0.00;0.00;17.03;4122.52;-122.50;;;
222;DIHEXYL ETHER;186.34;657.00;1.82;720.00;0.24;0.70;8.01;0.26;0.00;0.00;16.34;3982.78;-89.15;;;
223;DIISOPROPYL ETHER;102.18;500.00;2.88;386.00;0.27;0.34;1.79;0.14;0.00;0.00;16.34;2895.73;-43.15;;;
224;DIMETHYL ETHER;46.07;400.00;5.37;178.00;0.29;0.19;4.06;0.04;0.00;0.00;16.85;2361.44;-17.10;;;
225;DIMETHYL OXALATE;118.09;628.00;3.98;0.00;0.00;0.00;0.00;0.00;0.00;0.00;0.00;0.00;0.00;;;
226;DIMETHYL SULFIDE;62.13;503.00;5.53;201.00;0.27;0.19;5.81;0.04;0.00;0.00;16.00;2511.56;-42.35;;;
227;DIPHENYL;154.21;789.00;3.85;502.00;0.30;0.36;-23.18;0.26;0.00;0.00;16.68;4602.23;-70.42;;;
228;DIPHENYL ETHER;170.21;766.00;3.14;0.00;0.00;0.44;-14.51;0.22;0.00;0.00;16.35;4310.25;-87.31;;;
229;DIPHENYLMETHANE;168.24;29.40;0.00;0.00;0.00;0.47;0.00;0.00;0.00;0.00;14.49;2902.44;-167.90;;;
230;DIPROPYLAMINE;101.19;550.00;3.14;407.00;0.28;0.46;1.54;0.15;0.00;0.00;16.59;3259.08;-55.15;;;
231;DODECANOL;186.34;679.00;1.93;718.00;0.24;0.00;2.20;2.64;-1.00;-1.28;398.89;-105.84;-20.81;;;
232;ETHANE;30.07;305.40;4.88;148.00;0.29;0.10;1.29;0.04;0.00;0.00;15.66;1511.42;-17.16;;;
233;ETHANOL;46.07;516.20;6.38;167.00;0.25;0.64;2.15;0.05;0.00;0.00;18.91;3803.98;-41.68;;;
234;ETHYL ACETATE;88.11;523.20;3.83;286.00;0.25;0.36;1.73;0.10;0.00;0.00;16.15;2790.50;-57.15;;;
235;ETHYL ACRYLATE;100.12;552.00;3.75;320.00;0.26;0.40;4.02;0.88;0.00;0.00;16.09;2974.94;-58.15;;;
236;ETHYL AMINE;45.09;456.00;5.62;178.00;0.26;0.28;0.88;0.07;0.00;0.00;17.01;2618.73;-37.30;;;
237;ETHYL BENZOATE;150.18;697.00;3.24;451.00;0.25;0.48;4.94;0.16;0.00;0.00;16.21;3845.09;-84.15;;;
238;ETHYL BROMIDE;108.97;503.80;6.23;215.00;0.32;0.25;1.59;0.06;0.00;0.00;15.93;2511.68;-41.44;;;
239;ETHYL BUTYL ETHER;102.18;531.00;3.04;390.00;0.27;0.40;5.64;0.13;0.00;0.00;16.05;2921.52;-55.15;;;
240;ETHYL BUTYRATE;116.16;566.00;3.14;395.00;0.26;0.47;5.14;0.12;0.00;0.00;16.00;3127.60;-60.15;;;
241;ETHYL CHLORIDE;64.52;460.40;5.27;199.00;0.27;0.19;-0.13;0.06;0.00;0.00;15.98;2332.01;-36.48;;;
242;ETHYL ETHER;74.12;466.70;3.64;280.00;0.26;0.28;5.12;0.08;0.00;0.00;16.08;2511.29;-41.95;;;
243;ETHYL FLUORIDE;48.06;375.30;5.03;169.00;0.27;0.24;1.04;0.05;0.00;0.00;16.07;1966.89;-27.00;;;
244;ETHYL FORMATE;74.08;508.40;4.74;229.00;0.26;0.28;5.89;0.06;0.00;0.00;16.16;2603.30;-54.15;;;
245;ETHYL ISOBUTYRATE;116.16;553.00;3.04;410.00;0.27;0.43;0.00;0.00;0.00;0.00;0.00;0.00;0.00;;;
246;ETHYL MERCAPTAN;62.13;499.00;5.49;207.00;0.27;0.19;3.56;0.06;0.00;0.00;16.01;2497.23;-41.77;;;
247;ETHYL PROPIONATE;102.13;546.00;3.36;345.00;0.26;0.40;4.74;0.10;0.00;0.00;16.16;2935.11;-64.17;;;
248;ETHYL PROPYL ETHER;88.15;500.60;3.25;0.00;0.00;0.33;0.00;0.00;0.00;0.00;15.45;2423.41;-62.28;;;
249;ETHYLBENZENE;106.17;617.10;3.61;374.00;0.26;0.30;-10.29;0.17;0.00;0.00;16.02;3279.47;-59.95;;;
250;ETHYLCYCLOHEXANE;112.22;609.00;3.03;450.00;0.27;0.24;-15.26;0.21;0.00;0.00;15.81;3183.25;-58.15;;;
251;ETHYLCYCLOPENTANE;98.19;569.50;3.39;375.00;0.27;0.28;-13.21;0.18;0.00;0.00;15.86;2990.13;-52.47;;;
252;ETHYLENE;28.05;282.40;5.04;129.00;0.28;0.09;0.91;0.04;0.00;0.00;15.54;1347.01;-18.15;;;
253;ETHYLENE GLYCOL;62.07;645.00;7.70;186.00;0.27;0.00;8.53;0.06;0.00;0.00;20.25;6022.18;-28.25;;;
254;ETHYLENE IMINE;43.07;0.00;0.00;0.00;0.00;0.00;-4.96;0.07;0.00;0.00;16.42;2610.44;-63.15;;;
255;ETHYLENE OXIDE;44.05;469.00;7.19;140.00;0.26;0.20;-1.80;0.05;0.00;0.00;16.74;2567.61;-29.01;;;
256;ETHYLENEDIAMINE;60.10;593.00;6.28;206.00;0.26;0.51;9.15;0.06;0.00;0.00;16.41;3108.49;-72.15;;;
257;FLUORINE;38.00;144.30;5.22;66.20;0.29;0.05;5.55;0.01;0.00;0.00;15.67;714.10;-6.00;;;
258;FLUOROBENZENE;96.10;560.10;4.55;271.00;0.27;0.25;-9.25;0.14;0.00;0.00;16.55;3181.78;-37.59;;;
259;FORMALDEHYDE;30.03;408.00;6.59;0.00;0.00;0.25;5.61;0.01;0.00;0.00;16.48;2204.13;-30.15;;;
260;FORMIC ACID;46.03;580.00;0.00;0.00;0.00;0.00;2.80;0.03;0.00;0.00;16.99;3599.58;-26.09;;;
261;FURAN;68.08;490.20;5.50;218.00;0.29;0.20;-8.49;0.10;0.00;0.00;16.06;2442.70;-45.41;;;
262;GLYCEROL;92.10;726.00;6.69;255.00;0.28;0.00;2.01;0.11;0.00;0.00;17.24;4487.04;-140.20;;;
263;HELIUM-4;4.00;5.19;0.23;57.30;0.30;-0.39;0.00;0.00;0.00;0.00;12.25;33.73;1.79;;;
264;HEPTADECANOL;256.47;736.00;1.42;0.00;0.00;0.00;-1.86;0.39;0.00;0.00;15.62;3672.62;-188.10;;;
265;HYDRAZINE;32.05;653.00;14.69;96.10;0.26;0.33;2.33;0.05;0.00;0.00;17.99;3877.65;-45.15;;;
266;HYDROGEN;2.02;33.20;1.30;65.00;0.31;-0.22;6.48;0.00;0.00;0.00;13.63;164.90;3.19;;;
267;HYDROGEN BROMIDE;80.91;363.20;8.55;100.00;0.28;0.06;7.32;0.00;0.00;0.00;14.47;1242.53;-47.86;;;
268;HYDROGEN CHLORIDE;36.46;324.60;8.31;81.00;0.25;0.12;7.24;0.00;0.00;0.00;16.50;1714.25;-14.45;;;
269;HYDROGEN CYANIDE;27.03;456.80;5.39;139.00;0.20;0.41;5.22;0.01;0.00;0.00;16.51;2585.80;-37.15;;;
270;HYDROGEN FLUORIDE;20.01;461.00;6.48;69.00;0.12;0.37;6.94;0.00;0.00;0.00;17.70;3404.49;15.06;;;
271;HYDROGEN IODIDE;127.91;424.00;8.31;131.00;0.31;0.05;7.44;0.00;0.00;0.00;12.91;957.96;-85.06;;;
272;HYDROGEN SULFIDE;34.08;373.20;8.94;98.50;0.28;0.10;7.63;0.00;0.00;0.00;16.10;1768.69;-26.06;;;
273;IODINE;253.81;819.00;11.65;155.00;0.27;0.30;8.50;0.00;0.00;0.00;16.16;3709.23;-68.16;;;
274;IODOBENZENE;204.01;721.00;4.52;351.00;0.27;0.25;-6.99;0.13;0.00;0.00;16.15;3776.53;-64.38;;;
275;ISOBUTANE;58.12;408.10;3.65;263.00;0.28;0.18;-0.33;0.09;0.00;0.00;15.54;2032.73;-33.15;;;
276;ISOBUTANOL;74.12;547.70;4.30;273.00;0.26;0.59;-1.84;0.11;0.00;0.00;16.87;2874.73;-100.30;;;
277;ISOBUTYL ACETATE;116.16;561.00;3.04;414.00;0.27;0.48;1.75;0.14;0.00;0.00;16.17;3092.83;-66.15;;;
278;ISOBUTYL AMINE;73.14;516.00;4.26;284.00;0.28;0.00;2.27;0.10;0.00;0.00;16.14;2704.16;-56.15;;;
279;ISOBUTYL FORMATE;102.13;551.00;3.88;350.00;0.30;0.39;4.74;0.10;0.00;0.00;16.23;2980.47;-64.15;;;
280;ISOBUTYLBENZENE;134.22;650.00;3.14;480.00;0.28;0.38;0.00;0.00;0.00;0.00;15.95;3512.47;-69.03;;;
281;ISOBUTYLCYCLOHEXANE;140.27;659.00;3.12;0.00;0.00;0.32;0.00;0.00;0.00;0.00;15.81;3437.99;-69.99;;;
282;ISOBUTYLENE;56.11;417.90;4.00;239.00;0.28;0.19;3.83;0.07;0.00;0.00;15.75;2125.75;-33.15;;;
283;ISOBUTYRALDEHYDE;72.11;513.00;4.15;274.00;0.27;0.35;5.84;0.08;0.00;0.00;15.99;2676.98;-51.15;;;
284;ISOBUTYRIC ACID;88.11;609.00;4.05;292.00;0.23;0.61;2.34;0.11;0.00;0.00;16.78;3385.49;-94.15;;;
285;ISOPROPYL ALCOHOL;60.10;508.30;4.76;220.00;0.25;0.00;7.75;0.05;0.00;0.00;18.69;3640.20;-53.54;;;
286;ISOPROPYL AMINE;59.11;476.00;5.07;229.00;0.29;0.30;-1.79;0.10;0.00;0.00;16.36;2582.35;-40.15;;;
287;ISOPROPYL CHLORIDE;78.54;485.00;4.72;230.00;0.27;0.23;0.44;0.08;0.00;0.00;16.04;2490.48;-43.15;;;
288;ISOPROPYLBENZENE;120.20;631.00;3.21;428.00;0.26;0.34;-9.04;0.19;0.00;0.00;15.97;3363.60;-63.37;;;
289;ISOPROPYLCYCLOHEXANE;126.24;640.00;2.84;0.00;0.00;0.24;0.00;0.00;0.00;0.00;15.83;3346.12;-63.71;;;
290;ISOPROPYLCYCLOPENTANE;112.22;601.00;2.94;0.00;0.00;0.24;0.00;0.00;0.00;0.00;15.86;3176.22;-55.18;;;
291;KETENE;42.04;380.00;6.48;145.00;0.30;0.21;1.53;0.04;0.00;0.00;16.02;1849.21;-35.15;;;
292;KRYPTON;83.80;209.40;5.50;91.20;0.29;0.00;0.00;0.00;0.00;0.00;15.27;958.75;-8.71;;;
293;MALEIC ANHYDRIDE;98.06;0.00;0.00;0.00;0.00;0.00;-3.12;0.08;0.00;0.00;16.27;3765.65;-82.15;;;
294;M-CRESOL;108.14;705.80;4.56;310.00;0.24;0.46;-10.75;0.17;0.00;0.00;17.29;4274.42;-74.09;;;
295;M-DICHLOROBENZENE;147.00;684.00;3.85;359.00;0.24;0.26;-3.25;0.13;0.00;0.00;16.82;4104.13;-43.15;;;
296;METHANE;16.04;190.60;4.60;99.00;0.29;0.01;4.60;0.01;0.00;0.00;15.22;897.84;-7.16;;;
297;METHANOL;32.04;512.60;8.10;118.00;0.22;0.56;5.05;0.02;0.00;0.00;18.59;3626.55;-34.29;;;
298;METHYCYCLOPENTANE;84.16;532.70;3.79;319.00;0.27;0.24;11.97;0.15;0.00;0.00;15.80;2731.00;-47.11;;;
299;METHYL ACETATE;74.08;506.80;4.69;228.00;0.25;0.32;3.95;0.05;0.00;0.00;16.13;2601.92;-56.15;;;
300;METHYL ACETYLENE;40.07;402.40;5.62;164.00;0.28;0.22;3.51;0.04;0.00;0.00;15.62;1850.66;-44.07;;;
301;METHYL ACRYLATE;86.09;536.00;4.26;265.00;0.25;0.35;3.62;0.07;0.00;0.00;16.11;2788.43;-59.15;;;
302;METHYL AMINE;31.06;430.00;7.46;140.00;0.29;0.28;2.74;0.03;0.00;0.00;17.26;2484.83;-32.92;;;
303;METHYL BENZOATE;136.15;692.00;3.65;396.00;0.25;0.43;-5.07;0.13;0.00;0.00;16.23;3751.83;-81.51;;;
304;METHYL BROMIDE;94.94;464.00;8.61;0.00;0.00;0.27;3.45;0.03;0.00;0.00;16.03;2271.71;-34.83;;;
305;METHYL BUTYRATE;102.13;554.40;3.48;340.00;0.26;0.38;0.00;0.00;0.00;0.00;0.00;0.00;0.00;;;
306;METHYL CHLORIDE;50.49;416.30;6.68;139.00;0.27;0.16;3.31;0.02;0.00;0.00;16.11;2077.97;-29.55;;;
307;METHYL ETHYL ETHER;60.10;437.80;4.40;221.00;0.27;0.24;4.46;0.06;0.00;0.00;13.54;1161.63;-112.40;;;
308;METHYL ETHYL KETONE;72.11;535.60;4.15;267.00;0.25;0.33;2.61;0.09;0.00;0.00;16.60;3150.42;-36.65;;;
309;METHYL ETHYL SULFIDE;76.16;533.00;4.26;0.00;0.00;0.00;4.66;0.07;0.00;0.00;15.98;2722.95;-48.37;;;
310;METHYL FLUORIDE;34.03;317.80;5.88;124.00;0.28;0.19;3.30;0.02;0.00;0.00;16.34;1704.41;-19.27;;;
311;METHYL FORMATE;60.05;487.20;6.00;172.00;0.26;0.25;0.34;0.06;0.00;0.00;16.51;2590.87;-42.60;;;
312;METHYL HYDRAZINE;46.07;567.00;8.04;271.00;0.46;0.00;0.00;0.00;0.00;0.00;15.14;2319.84;-91.70;;;
313;METHYL IODIDE;141.94;528.00;6.59;190.00;0.29;0.17;2.58;0.03;0.00;0.00;16.09;2639.55;-36.50;;;
314;METHYL ISOBUTYL KETONE;100.16;571.00;3.27;371.00;0.26;0.40;0.93;0.14;0.00;0.00;15.72;2893.66;-70.75;;;
315;METHYL ISOBUTYRATE;102.13;540.80;3.43;339.00;0.26;0.37;0.00;0.00;0.00;0.00;0.00;0.00;0.00;;;
316;METHYL ISOCYANATE;57.05;491.00;5.57;0.00;0.00;0.28;8.00;542.00;0.02;0.00;16.33;2480.37;-56.31;;;
317;METHYL ISOPROPYL KETONE;86.13;553.40;3.85;310.00;0.26;0.35;-0.70;0.12;0.00;0.00;14.18;1993.12;-103.20;;;
318;METHYL MERCAPTAN;48.11;470.00;7.23;145.00;0.27;0.16;3.17;0.03;0.00;0.00;16.19;2338.38;-34.44;;;
319;METHYL N-PROPYL KETONE;86.13;564.00;3.89;301.00;0.25;0.35;0.27;0.11;0.00;0.00;16.00;2934.87;-62.25;;;
320;METHYL PHENYL ETHER;108.14;641.00;4.17;0.00;0.00;0.00;0.00;0.00;0.00;0.00;16.24;3430.82;-69.58;;;
321;METHYL PHENYL KETONE;120.15;701.00;3.85;376.00;0.25;0.42;-7.07;0.15;0.00;0.00;16.24;3781.07;-81.15;;;
322;METHYL PROPIONATE;88.11;530.60;4.00;282.00;0.26;0.35;4.35;0.07;0.00;0.00;16.17;2804.06;-58.92;;;
323;METHYLAL;76.10;497.00;0.00;0.00;0.00;0.00;0.00;0.00;0.00;0.00;15.82;2415.92;-52.58;;;
324;METHYLCYCLOHEXANE;98.19;572.10;3.48;368.00;0.27;0.23;-14.79;0.19;0.00;0.00;15.71;2926.04;-51.75;;;
325;M-ETHYLPHENOL;122.17;716.40;0.00;0.00;0.00;0.00;0.00;0.00;0.00;0.00;17.20;4272.77;-86.08;;;
326;METHYLPHENYLAMINE;107.16;701.00;5.20;0.00;0.00;0.00;0.00;0.00;0.00;0.00;16.31;3756.28;-80.71;;;
327;MONOETHANOLAMINE;61.08;614.00;4.46;196.00;0.17;0.00;2.22;0.07;0.00;0.00;17.82;3988.33;-86.93;;;
328;MORPHOLINE;87.12;618.00;5.47;253.00;0.27;0.37;-10.22;0.13;0.00;0.00;16.24;3171.35;-71.15;;;
329;M-TERPHENYL;230.31;924.80;3.51;784.00;0.36;0.00;0.00;0.00;0.00;0.00;0.00;0.00;0.00;;;
330;M-TOLUIDINE;107.16;709.00;4.15;343.00;0.24;0.41;-3.82;0.14;0.00;0.00;16.75;4080.32;-73.15;;;
331;M-XYLENE;106.17;617.00;3.55;376.00;0.26;0.33;-6.97;0.15;0.00;0.00;16.14;3366.99;-58.04;;;
332;N,N-DIMETHYLANILINE;121.18;687.00;3.63;0.00;0.00;0.00;0.00;0.00;0.00;0.00;16.96;4276.08;-52.80;;;
333;NAPHTHALENE;128.17;748.40;4.05;410.00;0.27;0.30;-16.43;0.20;0.00;0.00;16.14;3992.01;-71.29;;;
334;N-BUTANE;58.12;425.20;3.80;255.00;0.27;0.19;2.27;0.08;0.00;0.00;15.68;2154.90;-34.42;;;
335;N-BUTANOL;74.12;562.90;4.42;274.00;0.26;0.59;0.78;0.10;0.00;0.00;17.22;3137.02;-94.43;;;
336;N-BUTYL AMINE;73.14;524.00;4.15;288.00;0.27;0.40;1.21;0.11;0.00;0.00;16.61;3012.70;-48.96;;;
337;N-BUTYL-ACETATE;116.16;571.00;3.27;371.00;0.26;0.40;3.25;0.13;0.00;0.00;16.18;3151.09;-69.15;;;
338;N-BUTYLANILINE;149.24;721.00;2.84;518.00;0.25;0.00;-8.14;0.22;0.00;0.00;16.40;4079.72;-96.15;;;
339;N-BUTYLBENZENE;134.22;660.50;2.89;497.00;0.26;0.39;-5.49;0.19;0.00;0.00;16.08;3633.40;-71.77;;;
340;N-BUTYLCYCLOHEXANE;140.27;667.00;3.15;0.00;0.00;0.36;-15.04;0.26;0.00;0.00;15.91;3542.57;-72.32;;;
341;N-BUTYRALDEHYDE;72.11;524.00;4.05;278.00;0.26;0.35;3.36;0.08;0.00;0.00;16.17;2839.09;-50.15;;;
342;N-BUTYRIC ACID;88.11;628.00;5.27;292.00;0.30;0.67;2.80;0.10;0.00;0.00;17.92;4130.93;-70.55;;;
343;N-DECANE;142.29;617.60;2.11;603.00;0.25;0.49;-1.89;0.23;0.00;0.00;16.01;3456.80;-78.67;;;
344;N-DECYCLCYCLOPENTANE;210.41;723.80;1.52;0.00;0.00;0.65;-14.79;3.60;-1.00;-2.08;368.30;-69.78;26.73;;;
345;N-DECYCYCLOHEXANE;224.43;750.00;1.36;0.00;0.00;0.58;-16.48;3.95;-1.00;-2.30;378.69;0.00;0.00;;;
346;N-DODECENE;170.34;658.30;1.82;713.00;0.24;0.56;-2.23;0.27;0.00;0.00;16.11;3774.56;-91.31;;;
347;N-DODECYCLOPENTANE;238.46;750.00;1.30;0.00;0.00;0.72;-15.11;0.40;0.00;0.00;16.19;4395.87;-124.20;;;
348;N-EICOSANE;282.56;767.00;1.11;0.00;0.00;0.91;-5.35;0.46;0.00;0.00;16.47;4680.46;-141.10;;;
349;NEON;20.18;44.40;2.76;41.70;0.31;0.00;0.00;0.00;0.00;0.00;14.01;180.47;-2.61;;;
350;N-HEPTADECANE;240.48;733.00;1.32;1000.00;0.22;0.77;-3.34;0.39;0.00;0.00;16.15;4294.55;-124.00;;;
351;N-HEPTANE;100.21;540.20;2.74;432.00;0.26;0.35;-1.23;0.16;0.00;0.00;15.87;2911.32;-56.51;;;
352;N-HEPTYLCYCLOPENTANE;168.32;679.00;1.95;0.00;0.00;0.52;14.16;0.29;0.00;0.00;16.06;3850.38;-88.75;;;
353;N-HEXADECANE;226.45;717.00;1.42;0.00;0.00;0.74;-3.11;0.37;0.00;0.00;16.18;4214.91;-118.70;;;
354;N-HEXADECYLCYCLOPENTANE;294.57;791.00;0.97;0.00;0.00;0.86;-15.93;0.50;0.00;0.00;16.36;4715.69;-152.10;;;
355;N-HEXANE;86.18;507.40;2.97;370.00;0.26;0.30;-1.05;0.14;0.00;0.00;15.84;2697.55;-48.78;;;
356;N-HEXYLCYCLOPENTANE;154.30;660.10;2.14;0.00;0.00;0.48;13.93;0.27;0.00;0.00;16.01;3702.56;-81.55;;;
357;NITRIC OXIDE;30.01;180.00;6.48;58.00;0.25;0.61;7.01;0.00;0.00;0.00;20.13;1572.52;-4.88;;;
358;NITROGEN;28.01;126.20;3.39;89.50;0.29;0.04;7.44;0.00;0.00;0.00;14.93;588.72;-6.60;;;
359;NITROGEN DIOXIDE;46.01;431.40;10.13;170.00;0.48;0.86;5.79;0.01;0.00;0.00;20.53;4141.29;3.65;;;
360;NITROGEN TRIFLUORIDE;71.00;234.00;4.53;0.00;0.00;0.13;0.00;0.00;0.00;0.00;15.61;1155.69;-15.37;;;
361;NITROMETHANE;61.04;588.00;6.31;173.00;0.22;0.35;1.77;0.05;0.00;0.00;16.22;2972.64;-64.15;;;
362;NITROSYL CHLORIDE;65.46;440.00;9.12;139.00;0.35;0.32;8.14;0.01;0.00;0.00;166.95;2520.70;-23.46;;;
363;NITROUS OXIDE;44.01;309.60;7.24;97.40;0.27;0.16;5.16;0.02;0.00;0.00;16.13;1506.49;-25.99;;;
364;N-NONADECANE;268.53;756.00;1.11;0.00;0.00;0.83;-3.70;0.43;0.00;0.00;16.15;4450.44;-135.60;;;
365;N-NONANE;128.26;594.60;2.31;548.00;0.26;0.44;0.75;0.16;0.00;0.00;15.97;3291.45;-71.33;;;
366;N-NONYCLYCLOPENTANE;196.38;710.50;1.65;0.00;0.00;0.61;-14.52;3.37;-1.00;-1.95;357.74;-64.85;24.72;;;
367;N-OCTADECANE;254.50;745.00;1.21;0.00;0.00;0.79;-3.46;0.41;0.00;0.00;16.12;4361.79;-129.90;;;
368;N-OCTANE;114.23;568.80;2.48;492.00;0.26;0.39;-1.46;0.18;0.00;0.00;15.94;3120.29;-63.63;;;
369;N-OCTYLCYCLOPENTANE;182.35;694.00;1.79;0.00;0.00;0.56;-14.32;3.15;-1.00;-1.82;346.19;-59.92;22.72;;;
370;N-PENTADECANE;212.42;707.00;1.52;880.00;0.23;0.71;-2.85;3.42;-1.00;-1.90;355.92;-84.31;17.98;;;
371;N-PENTADECYLCYCLOPENTANE;280.54;780.00;1.02;0.00;0.00;0.83;-15.79;0.47;0.00;0.00;16.31;4642.01;-145.10;;;
372;N-PENTANE;72.15;469.60;3.37;304.00;0.26;0.25;-0.87;0.12;0.00;0.00;15.83;2477.07;-39.94;;;
373;N-PROPYL ACETATE;102.13;549.40;3.33;345.00;0.25;0.39;3.68;0.11;0.00;0.00;16.23;2980.47;-64.15;;;
374;N-PROPYL AMINE;59.11;497.00;4.74;233.00;0.27;0.23;1.60;0.08;0.00;0.00;16.00;2551.72;-49.15;;;
375;N-PROPYL FORMATE;88.11;538.00;4.06;285.00;0.26;0.32;0.00;0.00;0.00;0.00;15.77;2593.95;-69.69;;;
376;N-PROPYL PROPIONATE;116.16;578.00;0.00;0.00;0.00;0.00;0.00;0.00;0.00;0.00;16.86;3558.18;-47.86;;;
377;N-PROPYLBENZENE;120.20;638.30;3.20;440.00;0.27;0.34;-7.47;0.18;0.00;0.00;16.01;3433.84;-66.01;;;
378;N-PROPYLCYCLOHEXANE;126.24;639.00;2.81;0.00;0.00;0.26;-14.93;0.24;0.00;0.00;15.86;3363.62;-65.21;;;
379;N-PROPYLCYCLOPENTANE;112.22;603.00;3.00;425.00;0.25;0.34;-13.37;0.20;0.00;0.00;15.90;3187.67;-59.99;;;
380;N-TETRADECANE;198.39;694.00;1.62;830.00;0.23;0.68;-2.62;3.20;-1.00;-1.77;344.21;-79.38;15.97;;;
381;N-TETRADECYCLOPENT;266.51;772.00;1.12;0.00;0.00;0.79;-15.51;0.45;0.00;0.00;16.26;4439.38;-138.10;;;
382;N-TRIDECANE;184.37;675.80;1.72;780.00;0.24;0.62;-2.50;2.97;-1.00;-1.65;332.10;-74.45;13.97;;;
383;N-TRIDECYLCYCLOPENTANE;252.49;761.00;1.21;0.00;0.00;0.76;-15.34;0.43;0.00;0.00;16.23;4483.13;-131.30;;;
384;N-UNDECENE;156.31;638.80;1.97;660.00;0.24;0.54;-2.01;0.25;0.00;0.00;16.05;3614.07;-85.45;;;
385;N-VALERIC ACID;102.13;651.00;3.85;340.00;0.24;0.62;3.20;0.12;0.00;0.00;17.63;4092.15;-86.55;;;
386;O-CRESOL;108.14;697.60;5.01;282.00;0.24;0.44;-7.71;0.17;0.00;0.00;15.91;3305.37;-108.00;;;
387;O-DICHLOROBENZENE;147.00;697.30;4.10;360.00;0.23;0.27;-3.42;0.13;0.00;0.00;16.28;3798.23;-59.84;;;
388;O-ETHYLPHENOL;122.17;703.00;0.00;0.00;0.00;0.00;0.00;0.00;0.00;0.00;17.96;4928.36;-45.75;;;
389;O-TERPHENYL;230.31;891.00;3.90;769.00;0.41;0.00;0.00;0.00;0.00;0.00;0.00;0.00;0.00;;;
390;O-TOLUIDINE;107.16;694.00;3.75;343.00;0.26;0.44;0.00;0.00;0.00;0.00;16.78;4072.58;-72.15;;;
391;OXYGEN;32.00;154.60;5.05;73.40;0.29;0.02;6.71;0.00;0.00;0.00;15.41;734.55;-6.45;;;
392;O-XYLENE;106.17;630.20;3.73;369.00;0.26;0.31;-3.79;0.14;0.00;0.00;16.12;3395.57;-59.46;;;
393;OZONE;48.00;261.00;5.57;88.90;0.29;0.22;4.91;0.02;0.00;0.00;15.74;1272.18;-22.16;;;
394;P-CRESOL;108.14;704.60;5.15;0.00;0.00;0.52;-9.71;0.17;0.00;0.00;16.20;3479.39;-111.30;;;
395;P-DICLOROBENZENE;147.00;685.00;3.95;372.00;0.26;0.27;-3.43;0.13;0.00;0.00;16.11;3626.83;-64.64;;;
396;PERFLUOROBENZENE;186.06;516.70;3.30;0.00;0.00;0.40;8.66;0.13;0.00;0.00;16.19;2827.53;-57.66;;;
397;PERFLUOROCYCLOHEXANE;300.05;457.20;2.43;0.00;0.00;0.00;0.00;0.00;0.00;0.00;13.91;1374.07;-136.80;;;
398;PERFLUOROETHANE;100.02;306.40;3.94;175.00;0.27;0.23;6.93;0.05;0.00;0.00;15.88;1574.60;-27.22;;;
399;PERFLUOROETHANE;138.01;292.80;0.00;224.00;0.00;0.00;6.41;0.08;0.00;0.00;15.64;1512.94;-26.94;;;
400;PERFLUOROMETHYLCYCLOHEXANE;350.06;486.80;2.33;0.00;0.00;0.48;0.00;0.00;0.00;0.00;15.71;2610.57;-61.93;;;
401;PERFLUORO-N-HEPTANE;388.05;474.80;1.62;664.00;0.27;0.56;0.00;0.00;0.00;0.00;15.97;2719.68;-64.50;;;
402;PERFLUORO-N-HEXANE;338.04;451.70;1.90;442.00;0.22;0.73;0.00;0.00;0.00;0.00;15.83;2488.59;-59.73;;;
403;P-ETHYLPHENOL;122.17;716.40;0.00;0.00;0.00;0.00;0.00;0.00;0.00;0.00;19.09;5579.62;-44.15;;;
404;PHENANTHRENE;178.23;878.00;0.00;0.00;0.00;0.00;-14.09;2.40;-1.00;-1.58;0.00;48.40;0.00;;;
405;PHENETOLE;122.17;647.00;3.42;0.00;0.00;0.00;0.00;0.00;0.00;0.00;16.17;3473.20;-78.66;;;
406;PHENOL;94.11;694.20;6.13;229.00;0.24;0.44;8.56;0.14;0.00;0.00;16.43;3490.89;-98.59;;;
407;PHOSGENE;98.92;455.00;5.67;190.00;0.28;0.20;6.71;0.03;0.00;0.00;15.76;2167.31;-43.15;;;
408;PHOSPHORUS TRICHLORIDE;137.33;563.00;0.00;260.00;0.00;0.00;0.00;0.00;0.00;0.00;0.00;0.00;0.00;;;
409;PHTHALIC ANHYDRIDE;148.12;810.00;4.76;368.00;0.26;0.00;-1.06;0.16;0.00;0.00;16.00;4467.01;-83.15;;;
410;PIPERIDINE;85.15;594.00;4.76;289.00;0.28;0.25;-12.68;0.15;0.00;0.00;16.10;3015.46;-61.15;;;
411;PROPADIENE;40.07;393.00;5.47;162.00;0.27;0.31;2.37;0.05;0.00;0.00;13.16;1054.72;-77.08;;;
412;PROPANE;44.10;369.80;4.25;203.00;0.28;0.15;-1.01;0.07;0.00;0.00;15.73;1872.46;-25.16;;;
413;PROPIONALDEHYDE;58.08;496.00;4.76;223.00;0.26;0.31;2.80;0.06;0.00;0.00;16.23;2659.02;-44.15;;;
414;PROPIONIC ACID;74.08;612.00;5.37;230.00;0.24;0.54;1.35;0.09;0.00;0.00;17.38;3723.42;-67.48;;;
415;PROPIONITRILE;55.08;564.40;4.18;230.00;0.21;0.32;3.68;0.05;0.00;0.00;15.96;2940.86;-55.15;;;
416;PROPYL CHLORIDE;78.54;503.00;4.58;254.00;0.28;0.23;-0.80;0.09;0.00;0.00;15.96;2581.48;-42.95;;;
417;PROPYLENE;42.08;365.00;4.62;181.00;0.28;0.15;0.89;0.06;0.00;0.00;15.70;1807.53;-26.15;;;
418;PROPYLENE OXIDE;58.08;482.20;4.92;186.00;0.23;0.27;-2.02;0.08;0.00;0.00;15.32;2107.58;-64.87;;;
419;P-TERPHENYL;230.31;926.00;3.32;779.00;0.34;0.00;0.00;0.00;0.00;0.00;0.00;0.00;0.00;;;
420;P-TOLUIDINE;107.16;667.00;0.00;0.00;0.00;0.00;0.00;0.00;0.00;0.00;16.70;4041.04;-72.15;;;
421;P-XYLENE;106.17;616.20;3.52;379.00;0.26;0.32;-5.99;0.14;0.00;0.00;16.10;3346.65;-57.84;;;
422;PYRIDINE;79.10;620.00;5.63;254.00;0.28;0.24;9.50;0.12;0.00;0.00;16.09;3095.13;-61.15;;;
423;PYRROLE;67.09;640.00;0.00;0.00;0.00;0.00;0.00;0.00;0.00;0.00;16.80;3457.47;-62.73;;;
424;PYRROLIDINE;71.12;568.60;5.61;249.00;0.30;0.00;-12.31;0.13;0.00;0.00;15.94;2717.03;-67.90;;;
425;SEC-BUTYLBENZENE;134.22;664.00;2.95;0.00;0.00;0.27;-15.56;0.24;0.00;0.00;16.00;3544.19;-68.10;;;
426;SEC-BUTYLCYCLOHEXANE;140.27;669.00;2.67;0.00;0.00;0.26;0.00;0.00;0.00;0.00;15.87;3524.57;-70.78;;;
427;SILICON TETRACHLORIDE;169.90;507.00;3.75;326.00;0.29;0.26;0.00;0.00;0.00;0.00;15.80;2634.16;-43.15;;;
428;SILICON TETRAFLUORIDE;104.08;259.00;3.72;0.00;0.00;0.00;0.00;0.00;0.00;0.00;0.00;0.00;0.00;;;
429;STYRENE;104.15;647.00;3.99;0.00;0.00;0.26;-6.75;0.15;0.00;0.00;16.02;3328.57;-63.72;;;
430;SUCCINIC ACID;118.09;0.00;0.00;0.00;0.00;0.00;3.60;0.01;0.00;0.00;0.00;0.00;0.00;;;
431;SULFUR DIOXIDE;64.06;430.80;7.88;122.00;0.27;0.25;5.70;0.02;0.00;0.00;16.77;2302.35;-35.97;;;
432;SULFUR HEXAFLUORIDE;146.05;318.70;3.76;198.00;0.28;0.29;0.00;0.00;0.00;0.00;19.38;2524.78;-11.16;;;
433;SULFUR TRIOXIDE;80.06;491.00;8.21;130.00;0.26;0.41;0.00;0.00;0.00;0.00;20.84;3995.70;-36.66;;;
434;TERT-BUTANOL;74.12;506.20;3.97;275.00;0.26;0.62;-11.61;0.17;0.00;0.00;16.85;2658.29;-95.50;;;
435;TERT-BUTYL CHLORIDE;92.57;507.00;3.95;295.00;0.28;0.19;-0.94;0.11;0.00;0.00;15.81;2567.15;-44.15;;;
436;TERT-BUTYLBENZENE;134.22;660.00;2.97;0.00;0.00;0.27;-20.54;0.26;0.00;0.00;15.93;3462.28;-69.87;;;
437;TERT-BUTYLCYCLOHEXANE;140.27;659.00;2.66;0.00;0.00;0.25;0.00;0.00;0.00;0.00;15.79;3457.85;-67.04;;;
438;TETRACHLOROETHYLENE;165.83;620.00;4.46;290.00;0.25;0.00;10.98;0.05;0.00;0.00;16.16;3259.29;-52.15;;;
439;TETRAHYDROFURAN;72.11;540.20;5.19;224.00;0.26;0.00;-4.56;0.12;0.00;0.00;16.11;2768.38;-46.90;;;
440;THIOPHENE;84.14;579.40;5.69;219.00;0.26;0.20;-7.31;0.11;0.00;0.00;16.02;2869.07;-51.80;;;
441;TOLUENE;92.14;591.70;4.11;316.00;0.26;0.26;-5.82;0.12;0.00;0.00;16.01;3096.52;-53.67;;;
442;TRANS-1,2-DIMETHYLCYCLOHEXANE;112.22;596.00;2.97;0.00;0.00;0.24;-16.36;0.22;0.00;0.00;15.73;3117.43;-54.02;;;
443;TRANS-1,2-DIMETHYLCYCLOPENTANE;98.19;553.20;3.45;362.00;0.27;0.27;-13.02;0.18;0.00;0.00;15.76;2861.53;-51.46;;;
444;TRANS-1,3-DIMETHYLCYCLOHEXANE;112.22;598.00;2.97;0.00;0.00;0.19;-15.32;0.21;0.00;0.00;15.74;3093.95;-57.76;;;
445;TRANS-1,4-DIMETHYLCYCLOHEXANE;112.22;590.00;2.97;0.00;0.00;0.24;-16.81;0.22;0.00;0.00;15.70;3063.44;-54.57;;;
446;TRANS-2-BUTENE;56.11;428.60;4.10;238.00;0.27;0.21;4.38;0.06;0.00;0.00;15.82;2212.32;-33.15;;;
447;TRANS-2-HEXENE;84.16;516.00;3.27;351.00;0.27;0.24;-7.86;0.17;0.00;0.00;15.87;2701.72;-48.62;;;
448;TRANS-2-OCTENE;112.22;580.00;2.77;0.00;0.00;0.35;-3.06;0.18;0.00;0.00;15.86;3134.97;-58.00;;;
449;TRANS-2-PENTENE;70.14;475.00;3.66;300.00;0.28;0.24;0.47;0.10;0.00;0.00;15.90;2495.97;-40.18;;;
450;TRANS-3-HEXENE;84.16;519.90;3.25;350.00;0.26;0.23;-1.04;0.13;0.00;0.00;15.93;2718.68;-47.77;;;
451;TRANS-DECALIN;138.25;690.00;3.14;0.00;0.00;0.27;-23.33;0.25;0.00;0.00;15.80;3610.66;-66.49;;;
452;TRIBUTYLAMINE;185.36;643.00;1.82;0.00;0.00;0.00;1.91;2.86;-1.00;-1.60;312.48;0.00;0.00;;;
453;TRICHLOROETHYLENE;131.39;571.00;4.91;256.00;0.27;0.21;7.21;0.00;0.00;0.00;16.18;3028.13;-43.15;;;
454;TRICHLOROFLUOROMETHANE;37.37;471.20;4.41;248.00;0.28;0.19;9.79;0.04;0.00;0.00;15.85;2401.61;-36.30;;;
455;TRIETHYLAMINE;101.19;535.00;3.04;390.00;0.27;0.33;-4.40;0.17;0.00;0.00;15.89;2882.38;-51.15;;;
456;TRIFLUOROACETIC ACID;114.02;491.30;3.26;0.00;0.00;0.00;0.00;0.00;0.00;0.00;0.00;0.00;0.00;;;
457;TRIFLUOROBROMOMETHANE;148.91;340.20;3.97;200.00;0.28;0.00;0.00;0.00;0.00;0.00;0.00;0.00;0.00;;;
458;TRIMETHYL AMINE;59.11;433.20;4.07;254.00;0.29;0.20;-1.96;0.09;0.00;0.00;16.05;2230.51;-39.15;;;
459;VALERALDEHYDE;86.13;554.00;3.55;333.00;0.26;0.40;3.40;0.10;0.00;0.00;16.16;3030.20;-58.15;;;
460;VINYL ACETATE;86.09;525.00;4.36;265.00;0.26;0.34;3.62;0.07;0.00;0.00;16.10;2744.68;-56.15;;;
461;VINYL CHLORIDE;62.50;429.70;5.60;169.00;0.27;0.12;1.42;0.05;0.00;0.00;14.96;1803.84;-43.15;;;
462;VINYL ETHYL ETHER;72.11;475.00;4.07;260.00;0.27;0.00;4.13;0.08;0.00;0.00;15.89;2449.26;-44.15;;;
463;VINYL FLUORIDE;46.04;327.80;5.24;144.00;0.28;0.00;0.00;0.00;0.00;0.00;0.00;0.00;0.00;;;
464;VINYL FORMATE;72.06;475.00;5.78;210.00;0.31;0.55;6.64;0.04;0.00;0.00;16.65;2569.68;-63.15;;;
465;VINYL METHYL ETHER;58.08;436.00;4.76;205.00;0.27;0.34;3.73;0.06;0.00;0.00;14.46;1950.22;-25.15;;;
466;VINYLACETYLENE;52.08;455.00;4.96;202.00;0.26;0.09;1.61;0.07;0.00;0.00;16.01;2203.57;-43.15;;;
467;WATER;18.02;647.30;22.05;56.00;0.23;0.34;7.70;0.00;0.00;0.00;18.30;3816.44;-46.13;;;
468;XENON;131.30;289.70;5.84;118.00;0.29;0.00;0.00;0.00;0.00;0.00;15.30;1303.92;-14.50;;;
469;;;;;;;;;;;;;;;;;
